1.33691,1.56820,2.76098,3.10148,3.45154,5.31896,5.42425,5.89185,6.38591,6.27784,7.59153,8.07586,8.61020,10.16766,8.61774,8.88040,7.63236,7.21371,6.00186,4.98286,5.63171,7.10073,6.90900,7.06683,6.96949,6.23673,6.73153,6.85242,6.26038,6.61776,7.32219,8.35238,6.76252,6.89291,7.11719,5.70555,6.95175,4.03190,3.45483,4.08267,4.74176,5.57363,5.28624,5.15708,5.39208,4.89927
5.96570,6.65002,12.69258,14.40191,11.71340,16.00556,21.57769,20.46129,23.65940,22.37545,21.22049,22.46926,21.15421,21.94241,23.94817,21.42244,19.64551,14.10170,13.65325,12.99929,11.82890,15.60844,16.37508,16.48274,13.40973,15.46054,13.72095,14.29638,12.95154,12.86880,11.69357,11.26596,10.72445,11.06301,11.13886,11.57502,10.92296,7.90570,5.56603,7.39590,7.71360,9.17195,4.46063,7.32724,5.71910,4.38193
5.92042,7.10931,9.86644,9.75370,9.64310,13.49744,13.00920,14.61300,13.16188,12.24441,11.16869,11.55549,11.72056,12.71564,13.19345,12.13977,10.95265,9.22860,8.05213,7.61449,7.13585,8.95499,9.28766,8.94186,6.53267,8.03362,7.90619,8.74238,7.37356,7.78975,8.24883,8.63643,7.57210,7.67674,7.81710,5.89521,7.48101,4.99212,3.69678,4.84202,5.40598,6.32766,4.48756,5.53686,5.11116,4.20107
3.70833,4.45862,9.07183,9.33640,8.16029,12.32208,17.08866,16.09972,16.37200,15.67798,13.05820,13.65311,13.38268,14.36690,15.68947,14.40224,13.03871,10.12786,9.64596,8.55423,8.48803,10.68838,10.71977,10.48695,8.06502,9.34642,9.04548,9.10162,8.34935,8.64437,8.75007,7.94537,7.41544,7.51877,7.48763,6.58074,7.51090,6.97597,4.38101,9.46993,7.26504,7.94565,7.39077,8.00974,7.42110,5.95638
2.68375,3.13792,3.51895,3.81132,5.18873,6.85531,4.95143,6.59693,6.26214,6.92825,9.95498,11.41786,12.91364,14.89939,12.11485,13.09805,11.83613,14.36141,10.11064,7.96247,7.47493,9.93174,9.95381,9.58088,7.61621,8.63964,8.46210,8.42123,7.50322,7.89318,7.85973,6.64813,6.82097,6.95005,6.95673,5.78289,6.84195,5.70743,3.52794,4.48237,5.35516,5.95861,4.01240,5.01519,4.55964,3.87680
2.84460,3.43256,8.43593,9.74786,7.31480,10.83653,15.56780,13.50033,15.62291,15.18298,15.39121,15.78033,15.60872,17.34928,17.61819,16.46620,14.96905,10.84743,8.89587,8.52017,8.23114,11.39137,11.68570,10.93957,7.80615,9.52257,9.31818,6.66285,6.88706,7.25473,5.99298,2.61070,4.85488,4.61972,4.66521,3.57372,4.36479,3.18814,1.90049,2.93876,2.94676,4.08328,2.26038,2.94780,2.75714,2.48983
5.26330,6.56318,10.47916,11.39034,10.22904,13.68324,19.78865,18.91659,22.09367,22.26638,23.89706,24.19421,21.81052,25.78740,27.20917,26.66036,24.64655,22.47569,17.40658,15.48590,14.15571,18.54886,18.56826,18.30713,12.70161,15.39302,13.43820,12.83200,13.39794,13.34237,12.11975,11.18971,10.66032,11.14410,10.74380,8.95364,10.15331,6.23584,4.77977,5.75161,6.33266,7.43458,3.53850,5.69720,4.93434,3.93779
3.89063,4.93880,6.98545,7.17669,7.09133,9.54016,10.47693,11.79729,12.10717,12.31362,10.71279,12.06881,11.66502,13.15631,13.52516,13.52491,12.39277,12.00972,11.21304,10.26479,9.73185,11.84494,11.87913,11.94793,7.73417,9.69891,9.44355,7.30557,7.63886,8.16973,7.82101,6.04579,6.47740,6.51051,6.39759,5.43180,6.48524,3.38903,3.19240,5.09639,4.47269,5.98116,3.53127,4.58205,4.43879,3.91006
2.32475,3.17593,4.57620,5.30068,5.35033,7.45221,9.36930,9.69587,12.01876,12.32083,10.68572,11.69190,10.84062,11.71639,12.13086,11.46048,11.36840,13.72607,13.66832,13.77601,14.25601,13.44362,14.49705,15.29670,17.35188,16.80850,14.90616,19.47374,15.89924,15.52615,13.96061,13.50427,12.83465,13.35021,12.35579,9.23710,11.48047,6.11447,5.48111,5.01601,6.75941,7.78129,3.96112,6.12597,5.50478,4.81515
4.68588,4.82814,6.51128,7.69790,8.39050,10.49542,11.94425,13.21999,14.80863,14.78826,16.43746,16.64093,15.93369,19.40697,18.15594,18.09225,16.75207,17.56537,16.91519,15.19585,15.82010,16.58406,16.98771,18.22099,19.51439,17.62184,15.71939,16.11046,16.19842,16.55651,15.25464,19.23173,14.54760,15.82129,16.11496,19.65352,15.77261,13.86537,8.86119,12.33534,12.31536,13.70970,7.69201,11.77064,9.28795,7.84891
4.18922,4.76613,5.38799,5.09977,7.75671,9.08973,5.15557,7.69091,5.35995,4.78684,4.13329,4.72941,4.78061,5.09038,5.10573,5.62287,4.87385,4.84136,4.41540,4.05739,3.66923,4.52482,4.42080,3.96774,2.27037,3.33582,3.74769,3.73041,2.95282,3.23532,4.21184,4.59155,4.00323,3.52893,3.36418,1.40358,3.05269,0.23282,1.00270,0.08985,0.86766,1.31577,0.35742,0.68801,1.06595,1.10790
2.49191,2.73965,3.52139,4.79263,5.43592,7.32590,7.75331,8.30027,9.01494,8.26285,7.20764,7.76080,7.45429,7.76404,8.34248,9.17129,8.67886,11.41421,12.80342,13.62202,13.38091,11.93897,12.32197,12.62767,13.26064,12.92384,12.12646,14.16830,12.51207,13.11348,12.49791,14.09008,11.55235,12.06486,11.72653,9.76498,11.50800,7.73933,6.35370,7.21276,8.55196,8.91140,4.70063,7.42406,6.09302,4.50879
2.37008,3.01956,4.07789,4.33553,5.38287,7.34078,8.86235,9.08414,9.92301,10.08037,9.50787,10.67494,9.28098,9.66438,10.26111,9.58618,9.26104,7.80805,6.93799,6.38268,6.88910,8.43183,8.64653,8.55520,8.24178,7.94307,8.39534,8.67410,7.52470,8.25182,8.54202,8.76863,7.59105,7.88573,8.53724,9.10459,8.54410,8.86226,4.99508,10.39939,8.11090,9.13070,8.09750,9.05925,8.33265,6.51126
15.13003,18.63857,19.61542,18.75233,29.77962,28.40643,22.80556,31.75591,25.69186,20.35546,9.92725,13.27448,10.96672,9.97333,11.71378,11.00039,10.34711,9.82049,8.10608,7.63808,8.52669,8.60161,8.39317,7.63560,4.25288,6.65262,6.82064,5.70641,5.48025,6.34292,7.29160,8.48083,6.28275,6.18830,6.67665,5.91635,6.49966,2.68410,3.21211,2.62312,3.65067,4.53823,2.68227,3.43868,3.61250,3.46800
13.45111,13.71817,10.96341,9.90629,21.45432,21.12693,13.27651,20.67603,19.49846,23.22763,25.67222,24.67397,26.03970,26.80091,27.69966,23.72630,22.45835,15.68532,13.59004,12.71140,12.11971,15.69131,16.24577,15.72485,15.09906,15.62091,13.53415,16.24122,14.12453,13.87415,12.96899,14.42329,12.39454,13.17389,12.85639,11.14062,11.74077,6.99278,5.73039,6.14625,7.09522,8.53904,5.04048,7.20425,6.61878,5.77867
1.01649,1.33754,0.60601,1.05515,2.38334,2.80135,0.79603,1.93322,1.00558,0.86085,0.58893,0.78788,0.86005,0.84699,0.84759,1.03530,1.04408,1.15244,0.93511,1.14295,1.04961,1.34844,1.18825,1.04040,0.23960,0.74193,1.30689,0.49562,0.56343,0.75465,1.27191,0.93915,1.19234,0.89108,1.16057,0.46104,1.39327,0.78122,0.64202,1.04831,1.11870,1.38802,1.43964,1.22262,1.68357,1.28183
10.07449,10.76186,8.96069,10.08846,18.38444,19.29486,13.37192,18.83201,17.11165,16.73072,17.88897,17.82774,17.79754,19.31686,20.36355,18.81071,17.18959,12.48247,10.32519,9.36832,9.48551,13.07718,13.73514,13.34152,12.14336,12.66519,12.14525,13.35941,12.19404,12.21246,10.07755,6.14866,8.69613,8.51186,7.51218,3.71645,6.60267,3.99553,2.72642,6.29699,4.56507,5.83010,4.22164,5.22915,4.64144,3.28110
5.64610,6.62185,7.84735,8.20451,9.97484,12.59772,9.85660,12.59501,9.59037,8.55199,8.18865,8.51743,8.27715,8.73720,9.28277,8.55918,7.28374,4.32917,3.56361,3.40057,4.56728,5.99884,6.34392,6.58495,8.95481,7.64295,7.85016,11.81942,7.97553,8.23218,8.61325,7.78199,7.68279,7.62331,7.53398,5.80158,7.20290,4.79686,3.76906,5.19353,5.42334,6.24612,3.75000,5.26278,4.89595,3.62305
6.57535,6.88602,8.73814,10.25321,11.45033,13.93901,13.94129,16.36863,15.06835,12.95157,9.20009,11.33014,9.96071,10.66937,11.82774,12.19640,11.59746,13.59963,13.70665,14.05018,13.43679,13.06590,13.40928,14.03658,12.11785,13.36381,12.56519,13.13112,12.64113,13.11876,12.39483,14.88093,11.99606,12.95688,13.14956,12.74586,12.98459,12.59792,7.39201,12.60691,11.61674,12.15457,12.14132,12.58647,10.45996,8.85213
5.52795,5.77916,5.46228,5.65983,9.87619,11.16144,6.78386,10.01209,6.90814,6.08046,5.84159,6.74294,6.64000,8.02808,8.24516,9.10997,8.58470,11.19968,9.59103,9.38698,8.21428,8.65827,8.68782,7.73032,4.81399,6.68706,6.79683,4.70796,4.93030,5.47860,5.36236,3.45280,4.43725,4.02157,3.75977,2.17472,3.79544,1.78675,1.75308,1.16821,2.16974,2.37432,1.23722,1.65256,1.81165,1.60277
2.71796,3.00940,4.90167,5.49008,6.09226,8.68625,9.06030,9.49575,9.80956,8.93863,7.27208,7.54778,7.32625,7.29295,8.02593,7.61085,7.00109,4.90515,4.75359,4.71863,5.00614,6.74278,6.98517,6.48396,5.19252,5.93126,6.66496,6.10259,5.43151,6.28770,6.32305,5.12888,5.77060,5.62519,6.45794,6.24574,6.36658,6.52470,3.44166,7.09734,5.55992,6.72189,5.55404,6.27346,5.65892,5.15858
5.19429,5.28596,5.34658,6.16982,9.46421,10.59843,7.98819,10.70385,11.15148,11.27460,10.28640,11.26321,10.66327,10.32684,10.42811,9.36099,8.77794,7.79590,8.91737,9.51608,10.16042,9.44961,9.34672,9.74689,10.02579,9.16104,9.08053,9.68586,8.67474,8.59509,8.33214,5.79232,6.72467,6.25935,5.33028,2.89984,4.99794,2.70068,2.47061,4.87493,3.78110,4.73466,4.24975,4.27652,4.52976,3.23429
4.00703,4.37922,4.65248,5.22254,7.13487,9.42006,5.98385,8.45885,5.54498,4.49775,4.00533,3.99305,4.05806,4.68112,4.93466,5.68403,4.80407,4.74317,4.58727,3.85847,3.71168,4.83955,4.94420,4.88132,7.45016,6.23364,6.39697,11.51337,6.45792,6.27402,5.81894,2.63159,4.61290,4.17499,3.20256,1.05257,3.01231,1.19650,1.21025,2.24137,1.89262,2.30170,2.00575,2.01662,2.26648,1.71849
5.37040,5.41181,5.15890,5.50261,8.07886,9.60587,7.45885,10.21764,10.33720,11.02058,12.41118,13.11055,13.58388,15.99676,14.69658,14.63378,13.88847,16.04685,15.21999,13.65979,13.65284,14.49671,14.69194,15.31433,11.76437,13.48118,12.25520,10.49691,10.68141,10.88352,9.19742,5.30975,7.42282,7.14890,6.11138,3.80210,5.93449,4.03866,2.97228,4.15452,4.55221,5.08418,3.77547,4.24194,4.00703,3.47189
5.58007,6.17231,6.26817,5.68918,8.56608,10.48795,7.45326,10.30651,8.14685,7.68673,7.50088,7.56812,7.60584,8.07858,8.16653,8.00749,6.53805,4.05507,3.19919,2.78460,3.98408,5.47105,5.65043,5.63617,8.84357,5.92872,7.14607,9.25604,6.72434,7.36890,8.07503,8.62082,7.04785,7.29057,7.79613,7.48043,8.03006,6.98069,4.51968,5.56173,6.55772,6.92693,4.56634,6.11541,5.45556,4.53665
12.45180,12.63569,11.67099,13.43375,22.30331,23.20681,17.77189,23.83885,20.91950,20.42663,23.57860,22.98538,22.72421,26.15937,27.69145,26.04862,24.17288,19.59104,16.81518,13.51231,12.02358,16.19943,17.17295,16.94411,9.27448,14.70051,12.69153,11.97136,10.69404,11.13075,10.35070,8.70183,8.42498,8.06236,6.18338,3.73252,6.65897,1.98573,3.26943,2.66685,3.42199,3.16742,2.30792,2.75667,2.65568,1.91143
9.34890,9.77801,10.28496,12.06328,13.36972,16.60697,15.81342,19.42088,18.16514,17.34042,16.58342,17.35068,15.49357,14.35859,16.45523,14.76187,12.72290,7.33285,5.86055,5.48492,5.68230,7.60061,7.19319,6.44539,4.67747,4.73356,5.35133,3.41293,3.91409,4.18490,5.00491,4.99560,4.26551,4.09235,4.15746,3.57646,4.61897,4.51239,2.73571,5.03245,4.42056,4.46533,4.27636,4.14951,4.01386,3.22041
9.81842,9.46848,8.37850,9.57204,13.36263,16.46931,12.22130,16.52075,12.67968,11.06326,9.38363,10.63855,10.61857,11.14549,11.64595,11.89975,9.97381,7.77860,6.07558,4.45526,4.96169,7.01206,6.88489,6.62628,3.99621,5.33069,5.72660,5.61332,4.83644,5.03318,5.73571,4.40561,4.59323,4.35923,4.44279,3.83236,4.49699,2.17432,1.88683,2.37727,2.71022,3.83062,1.43426,2.30996,2.27676,2.19274
14.84920,15.71656,12.43106,12.06819,21.68110,22.18656,15.39274,22.70535,20.54120,21.95151,25.83446,25.92129,25.96187,27.20966,28.93273,25.41725,23.95936,16.09523,12.75688,12.07532,11.66666,16.32670,17.17802,16.42161,14.56819,15.95452,14.12585,14.54904,13.63731,13.76453,11.66856,8.25063,9.92485,9.99589,8.96356,6.00066,8.43066,6.15616,4.30750,6.71767,6.64404,7.12386,6.06747,6.78862,6.14152,4.91953
4.15350,4.58886,4.26681,4.83027,7.42460,9.09988,8.17634,10.12855,10.48246,10.31901,8.50275,9.23968,8.90924,8.87615,8.71207,8.83568,7.61502,7.19125,8.14629,6.84810,7.60082,7.73361,7.71385,8.34212,4.89325,6.69021,6.85453,4.83902,4.94170,5.54572,5.73322,4.70904,4.89945,4.61823,4.65116,3.16494,4.41952,2.31407,2.15763,1.82469,2.64175,2.76716,1.65980,2.11095,2.23892,1.73445
7.21919,8.01800,7.11521,6.61165,12.54339,13.23489,8.27975,12.45063,10.50382,10.37845,8.89837,9.42931,9.35913,9.63050,9.83117,9.29527,8.25081,7.79501,8.51753,9.59224,11.21453,10.02715,10.75149,11.71731,12.45390,11.78854,11.18834,10.58390,9.90579,9.91107,8.61314,4.79541,6.67940,6.39377,5.57756,3.40061,5.29529,2.30070,2.35904,2.62558,3.01992,3.73777,1.50655,2.51791,2.44322,1.84119
7.91249,8.04696,9.64243,11.02245,13.46316,16.39286,14.00078,17.19725,13.92462,11.87044,8.60310,11.21058,10.80902,11.97800,13.17604,13.36227,12.61055,17.42135,20.28014,20.51315,24.06995,17.90319,18.08362,20.20072,14.41403,15.13729,14.48563,9.54486,11.72303,12.60964,11.07801,9.41804,9.09550,9.45422,9.46633,8.04243,8.98589,5.97892,4.40143,4.76486,5.97065,6.58775,3.12412,5.20797,4.67459,3.30034
9.26131,10.44205,8.30771,8.96739,17.82395,18.94578,9.59807,15.72577,10.78062,10.13403,9.82339,10.12858,10.66607,11.90975,12.33098,12.08438,11.02823,10.83961,11.82497,12.27575,13.46847,12.31014,12.54087,12.91000,8.46162,10.59912,9.83592,6.15432,7.23207,7.96459,7.28892,5.17344,5.91949,5.86157,6.14267,6.29110,6.41478,5.44799,3.70073,5.08312,5.34250,5.87016,2.34591,4.19741,3.56608,2.57796
7.56105,8.56116,7.55782,7.43969,14.23811,14.52753,8.21405,13.32387,8.64794,7.34723,5.68105,6.02875,5.60290,5.76042,6.69559,7.11632,6.27576,6.83843,8.03381,8.14827,9.05295,8.32595,8.45044,8.46936,6.16807,6.85940,7.42331,4.16236,4.90327,5.65523,5.46967,4.06019,4.56816,4.50605,5.03271,4.87923,5.11628,3.28364,2.66611,2.32207,3.35340,3.87196,1.78392,2.75399,2.50513,1.95921
3.89737,4.44024,8.95933,9.92130,8.61372,12.61258,17.68115,16.20833,15.97595,13.26334,9.52669,11.28583,10.06898,10.66194,11.70763,11.75548,10.43841,9.99343,11.27316,11.15705,12.52137,11.87571,12.32611,13.68208,10.52248,12.37849,11.75947,9.86153,9.97734,10.84563,9.91980,6.83081,7.62104,7.17161,6.50515,4.92541,6.74334,3.78579,3.50724,3.66318,4.60819,4.82524,2.04494,3.18899,2.67844,2.37016
13.23327,13.72354,12.99436,13.05445,22.44134,23.34713,15.20152,22.46018,15.22510,14.16433,15.28602,15.82286,14.56998,15.69250,18.12781,17.88042,16.27777,13.21865,12.37066,11.99224,11.52325,14.16503,14.48797,14.30113,7.89982,11.12251,10.55129,6.86060,7.91895,8.62387,7.68980,4.69127,5.97076,5.87528,6.07638,5.53904,5.55947,3.50143,2.69756,4.80571,3.67747,5.13768,2.10443,3.64401,3.65750,2.51059
8.52676,8.85173,10.02212,10.41417,15.40336,17.40711,11.76362,16.20227,12.22150,11.56560,11.63666,12.46030,13.46303,15.15035,15.30852,14.43095,13.25813,10.93218,10.52632,9.28160,10.21345,11.92408,12.29406,12.69103,9.97114,11.39259,10.93939,7.19194,7.82400,8.26505,6.99775,3.27580,5.14740,4.76463,4.71736,4.61974,4.93771,3.13732,2.48833,3.84536,3.47499,4.13954,1.22662,2.67771,2.33112,1.53008
8.89389,9.37453,6.38130,5.83253,13.63787,13.07998,4.84562,9.96113,6.48139,7.24470,9.95864,9.66996,11.23261,13.16010,11.79009,11.72295,10.57633,9.89537,8.91681,8.68130,7.93738,10.03134,9.99279,9.08334,4.10771,6.62491,6.56366,3.56776,4.33738,5.22614,5.57951,4.66571,4.31093,3.88254,4.32364,3.80080,4.38824,1.72438,2.23845,1.60768,2.53550,2.96432,1.05555,1.95599,1.95306,1.42112
10.98317,11.13242,10.94583,13.27376,18.28532,21.36521,18.24858,22.47864,18.57941,15.67862,12.97254,14.01628,12.99559,13.38986,15.76450,15.13015,13.61986,10.40312,10.12006,9.47878,9.85737,12.08537,12.70193,13.50867,14.07333,13.52500,12.64755,14.51205,12.38528,12.43129,10.61191,6.96805,8.97156,8.95956,8.22572,5.86273,7.58534,6.68905,3.98390,6.78877,6.34794,7.14016,5.44067,6.51886,5.77397,4.90694
2.38493,3.09443,2.42857,2.13801,4.09835,5.03146,2.48736,4.44064,3.05596,3.06446,3.17069,3.20294,3.29972,3.94637,3.68237,4.41708,3.65829,3.79508,2.71177,2.77513,2.75993,3.77311,3.60580,3.30478,2.09168,2.85079,3.50916,3.58430,3.01418,3.53174,4.39134,4.45888,4.24131,4.02023,5.22867,5.61800,5.10274,5.30732,2.51759,3.93471,4.07233,5.06359,2.31723,3.42896,2.84138,2.25649
13.04046,13.35274,18.20885,19.93881,23.52372,27.40070,29.20455,32.35609,32.82832,32.21299,37.77390,40.56276,40.25141,48.59996,48.85893,44.07834,45.52424,46.17736,39.81259,36.88208,32.71240,36.43573,38.96851,38.68224,32.72957,36.78381,27.89915,32.83748,31.50865,30.12218,24.05907,27.43728,23.44191,25.96675,24.36096,28.93278,23.17224,29.07067,13.98203,29.69016,22.96577,22.25368,19.68632,23.32953,17.24401,13.74711
9.82354,9.94953,12.57467,13.92644,18.44630,21.69469,22.21361,24.97463,23.81288,23.33172,26.04629,26.44517,25.99760,29.04258,31.38757,29.13146,28.52488,26.46506,25.69042,23.80651,22.70203,25.19472,26.57302,27.30058,19.67004,24.31335,20.23128,18.45026,19.46024,20.10579,16.97053,18.43612,15.61150,16.67548,15.79448,15.50683,15.57535,13.29856,9.00670,13.67889,13.17224,13.04908,11.40396,13.16484,10.98852,8.83551
7.16268,8.52565,13.31614,14.62768,15.52906,19.04577,25.34294,25.11703,28.70585,29.57378,30.68455,31.64198,29.41058,32.59712,34.54824,30.05521,28.55547,19.29091,16.84904,16.30219,15.31065,20.31923,20.99968,20.42941,15.58533,18.79965,16.53812,15.70871,16.07731,16.34302,14.40831,16.13194,13.82973,14.61491,14.70816,15.61286,14.38933,12.30407,7.73728,8.69120,10.71661,11.42033,6.18695,9.55425,7.48257,6.64172
11.82252,11.62538,14.92377,13.69579,17.88995,21.30299,15.45345,20.20708,13.33599,10.94859,8.39805,10.74913,10.43792,11.40361,12.66433,12.47156,11.44628,11.93768,13.62894,12.70219,13.06338,13.08835,13.59058,15.15978,10.98437,12.93589,12.49223,11.75708,11.61396,12.16304,11.17767,11.97201,10.74822,11.20886,11.04031,9.15826,10.78039,8.93366,5.77230,8.71749,8.68794,8.93586,10.79693,9.69994,9.35666,8.15769
7.35574,7.90791,9.92724,11.70665,14.64013,18.27089,19.77360,21.68385,21.07622,19.81613,17.27518,17.50286,16.67143,17.55443,20.07458,18.18402,16.71068,13.70646,13.71784,12.58921,11.55556,14.06988,14.76188,15.07899,8.40328,12.08640,11.59627,8.80939,8.99114,9.73305,8.75991,6.60583,7.50279,7.29024,7.18774,6.08786,7.10783,4.61796,3.51254,3.59802,4.69656,5.35789,3.70192,4.60524,4.47017,3.97221
8.90589,9.63619,7.28442,8.44590,16.08510,17.03010,11.19401,16.28921,13.45710,12.77017,13.39042,12.99892,12.83409,13.84650,15.15804,14.48156,13.07499,11.28312,12.15521,12.66183,12.15208,13.49770,14.08525,13.81917,10.29284,12.19212,11.46566,9.33681,9.62397,10.10818,9.12573,7.07788,7.99585,7.95429,8.05039,7.15846,7.70391,6.36626,3.91440,4.30748,5.61420,6.22294,3.20756,4.74642,4.19323,3.32914
12.10503,11.48546,8.78917,9.12411,15.52623,17.15687,10.49725,16.00817,12.23973,11.59885,11.76664,12.49224,12.66112,14.89323,15.27933,14.94080,14.83236,16.62802,15.29072,14.39922,13.76501,15.09048,15.39090,15.56579,9.80738,12.46420,11.89645,9.99675,10.20006,10.88685,9.54599,7.79092,8.73441,8.65056,9.07122,7.91931,8.58152,6.71069,4.27207,6.58335,6.19732,7.64358,4.27577,6.35240,5.76116,4.46034
12.53538,13.01690,11.98211,10.74763,18.79809,20.40421,15.83015,21.48385,17.90148,17.37187,17.44734,17.54245,16.79767,18.29135,20.73219,19.45926,18.31484,14.98075,13.51980,13.00609,11.96880,14.81966,15.25661,14.73844,10.13405,12.99898,11.93668,10.41906,10.51176,11.26763,10.77721,10.37959,9.12065,9.08549,8.07155,6.20406,8.44030,5.47256,4.56682,4.76116,6.14247,6.01977,4.56204,5.26686,4.73602,3.83516
10.14537,10.65073,10.52292,10.34502,15.31008,17.88140,14.96980,19.54189,19.66026,22.56967,27.07843,27.04057,29.37725,33.50225,32.70204,29.43793,29.33273,30.45753,30.05591,27.46212,25.02241,25.60879,26.92338,26.84900,17.63618,23.84556,18.88718,16.16222,16.82954,16.95850,13.69124,10.29288,11.63550,12.03922,11.27006,11.29398,10.97782,8.31361,5.93529,8.70176,8.57652,10.12239,5.59877,8.16141,6.44134,5.45796
6.99634,7.57700,7.81633,8.18009,11.57258,14.17338,12.63932,15.53442,13.70682,12.76996,10.98927,11.58297,11.40163,12.84549,13.58331,13.36604,12.33869,10.23243,8.98587,7.50131,7.30840,9.57354,9.36468,8.68937,7.10511,7.93620,8.03468,8.12548,6.89574,7.33581,6.96871,4.61300,5.83645,5.64847,5.51159,4.16670,5.60627,4.47477,2.80288,3.65286,4.21096,4.46782,2.14062,3.24657,2.64394,2.04449
6.33958,6.73973,9.32563,11.69378,12.95376,15.92260,20.26698,20.60113,25.37000,25.78087,25.90751,26.84577,26.56709,30.76061,30.92416,29.58234,28.70376,30.74604,29.02991,26.40511,24.32651,26.03436,26.67916,27.72519,18.17719,24.04762,19.63743,17.81265,19.00415,19.15940,15.23033,11.28850,12.97546,13.11892,11.49529,8.69651,10.83418,8.12034,5.63507,10.04193,8.89993,9.84127,7.26522,9.14765,7.88168,6.60497
9.58553,9.52340,10.04659,11.06811,14.57090,18.24343,14.45736,18.73828,15.35101,14.98424,17.13182,17.47731,18.73888,23.49365,22.08711,22.44968,20.62615,22.16022,18.95318,16.91730,15.52128,18.89455,19.82525,18.96785,12.43607,16.56622,14.66529,11.36582,12.04640,13.12825,10.98149,9.27495,10.13477,10.39220,10.71934,8.70641,9.57864,6.81269,4.76825,5.18704,6.30334,6.96596,3.98051,5.82450,5.27255,4.23341
14.01111,15.64427,23.27331,24.35939,29.22255,33.48640,33.59675,38.56299,33.75457,32.43207,37.42049,37.21402,37.63370,48.43147,49.02251,44.47707,44.04723,40.17289,35.52764,29.84785,25.41259,30.43368,30.50636,30.30286,19.35547,24.33530,18.91133,17.56717,18.86865,18.61515,15.71148,16.80364,14.78846,15.67373,14.36274,11.57569,13.63745,11.61751,7.75685,13.79945,11.82686,12.43293,13.14293,13.35619,11.93052,9.74155
14.44862,14.56907,15.15269,16.43552,25.06286,26.41510,19.36975,26.06779,20.97545,18.98461,20.18664,22.06450,21.53223,26.48459,27.92743,26.64749,27.65993,31.99473,25.10637,24.15676,20.88591,23.16028,24.59525,23.30464,18.17221,22.29238,18.36654,18.42835,17.67027,17.50974,14.05088,9.53976,11.84534,11.88096,10.60208,8.61071,10.24477,10.63356,6.05921,14.43967,10.35155,11.10251,14.52107,12.33823,10.10061,8.68918
12.04063,12.90755,13.29980,13.80510,19.54294,22.36474,16.89933,22.80717,18.22689,17.34257,16.93492,17.72296,18.46509,22.17470,22.75091,22.24469,20.48212,19.77472,17.95090,15.39226,14.35785,17.61036,17.63558,18.16711,13.15237,15.72835,14.07921,12.56363,12.95299,13.24983,10.90586,7.71774,9.43452,9.39591,8.64136,5.53796,7.93412,4.49565,3.64127,6.73791,5.55919,7.14932,6.90649,7.04938,6.66425,5.64427
9.65487,11.04502,10.65760,12.91478,21.79254,22.79571,21.17211,25.70917,27.67110,28.05830,29.35362,30.07366,29.02775,30.72122,33.39982,29.83702,28.79331,22.67451,21.38731,19.83141,18.16200,22.34711,23.26115,22.62708,15.26652,20.33857,16.74299,15.71446,15.90091,16.30810,14.23083,14.02885,12.81430,13.37909,13.06589,12.17133,12.54157,11.26508,7.27167,11.62423,10.68797,11.00762,7.51784,10.30593,8.61049,6.72115
7.22427,8.02678,8.31788,10.17058,14.47517,16.99367,16.07428,19.19873,18.58241,17.49247,16.10137,17.50802,16.47638,17.57196,18.97230,18.18362,16.08102,13.56959,13.05239,11.64579,11.40597,14.01924,14.11429,15.13923,8.64341,11.53340,10.89820,7.87395,8.52534,9.32902,8.56736,6.35350,7.03030,6.89503,6.74990,6.09392,6.84140,7.26096,4.41836,8.99559,7.15762,7.16614,7.69978,7.48623,6.98087,5.70437
12.68492,13.34685,12.86948,12.75905,22.01387,23.65754,18.98509,25.21665,23.44481,23.84162,23.29007,24.22241,23.17104,23.28152,26.18406,22.59111,21.44364,14.26248,11.99788,12.15148,11.22004,15.03583,15.29828,14.89844,11.89680,13.68545,12.13706,11.96945,11.64319,11.77390,10.80639,8.86734,9.16881,9.43414,8.90896,7.40739,8.73138,6.85805,4.74029,7.74662,7.17916,7.94666,5.50400,7.16093,6.31744,5.22375
10.21266,10.38031,14.85500,17.10886,16.70958,21.47796,24.82917,25.93252,26.15438,24.11224,22.64240,23.86317,23.54893,26.25078,29.11620,26.96316,25.83547,22.88162,22.44717,21.37932,21.82094,23.96157,25.42948,26.56783,22.22558,24.81570,20.79277,21.33216,20.88289,20.96511,17.23369,17.06356,15.79447,16.49051,15.51543,13.48907,14.70065,10.85092,7.84794,8.49484,10.59544,11.03904,8.99715,10.72962,9.82600,8.77868
7.14802,7.74960,12.40521,13.80730,13.11533,16.63429,20.23964,20.58746,22.85657,21.49516,19.19710,20.86665,19.19949,19.83545,22.01887,19.99086,18.33721,13.41185,12.12576,11.87826,12.28683,15.91354,16.27596,15.81606,11.20036,13.19144,12.49013,9.63931,10.33575,11.11806,10.01330,8.08673,8.41282,8.69786,9.28844,9.44714,9.05472,6.78883,4.66933,5.72563,6.52458,7.78182,3.50788,6.01130,5.05075,3.70342
25.25006,28.98723,31.51447,32.91799,52.59607,51.83298,43.17616,56.02784,47.76958,44.35212,46.35246,47.15747,46.58487,54.96096,58.17988,50.58254,49.14603,36.24046,31.24938,27.10190,25.58009,32.82518,33.54504,33.56357,21.43640,27.32515,22.08169,18.62155,20.92399,21.52898,17.49870,17.32690,15.39334,16.40770,15.74645,16.24442,15.44524,12.03979,8.43200,7.58707,10.61411,10.33195,3.15148,7.04596,4.98197,3.76297
11.43172,11.95552,19.82821,19.87597,20.68470,24.87836,28.27732,29.78455,29.52344,27.77705,27.18034,28.17109,26.41421,26.59350,29.58393,25.40943,22.29981,11.92360,8.62280,8.31283,10.58222,14.39627,15.02259,14.93040,12.88581,13.47290,12.97333,13.89252,13.17132,13.62538,12.60316,12.78430,11.64500,11.93239,11.59738,8.61700,11.13139,4.30869,4.76911,2.57487,5.19900,6.21327,2.09422,3.85799,3.24008,3.16986
13.26514,13.38694,15.30693,17.86876,21.15275,24.93068,25.00241,29.11068,30.84027,30.92508,34.15923,33.32080,33.75271,36.58627,38.66252,33.63500,31.46755,22.56953,22.40941,20.77472,19.93604,24.52586,24.69491,24.85655,14.17229,18.90818,16.49167,11.60398,13.77109,14.53404,12.20508,9.45026,10.09230,10.15133,9.92998,9.36508,9.57378,6.48466,4.89507,5.51578,6.34542,7.30949,2.87334,5.16695,4.39097,3.56547
12.64007,14.64319,19.41681,19.17077,20.76108,24.75907,25.00280,28.57754,30.10158,31.25227,38.15340,41.73117,44.21454,49.69464,45.87227,40.33040,38.51727,29.40836,27.43179,25.11795,24.18002,29.67307,30.74992,31.43732,20.16088,26.07784,21.04914,17.97610,19.99487,20.40038,15.90029,13.58564,14.10300,14.67838,13.45190,10.11960,12.80986,10.27977,6.87997,9.33148,10.19680,10.41844,8.77074,10.39210,8.83690,7.47758
18.05932,18.66797,17.63682,17.45296,28.35061,30.08602,20.80572,30.07124,19.98544,17.20389,14.36353,15.36498,13.67936,14.54434,18.43274,18.09830,17.68341,22.22924,24.27245,22.81940,21.46267,18.03562,18.32492,18.29424,13.83501,16.13045,14.10346,12.86167,12.85227,13.36723,12.38363,15.24077,11.98860,12.71573,12.57759,11.91729,12.56737,12.26573,7.32891,10.18544,10.96911,10.62321,8.16891,10.37110,8.61943,6.98900
10.45301,11.46556,16.50298,16.56071,20.84012,23.44699,21.06025,25.77431,18.39543,13.17136,5.18702,8.59517,7.25317,7.29795,8.18787,8.48814,8.20256,10.44402,10.78107,11.16745,13.29323,11.14140,11.40680,13.63324,13.28694,14.04019,12.85942,16.01543,12.88549,13.68626,12.59110,11.87963,11.25681,11.51710,11.63265,12.57228,11.58129,11.58143,6.94442,7.06896,9.41152,8.73115,5.69721,6.37305,4.78491,5.49742
16.24312,17.14906,20.43791,21.84677,26.28147,29.71664,27.55831,33.89935,25.26498,20.18249,12.12193,16.66121,14.16608,14.66124,17.80387,18.13330,17.37547,21.92612,23.87565,23.01513,23.42345,19.92319,20.64510,22.60406,16.77020,20.49560,17.49595,15.88204,16.53880,16.92154,14.21906,13.82875,13.16702,13.90064,13.31624,11.40409,12.70560,9.13199,6.64896,6.58877,8.89166,9.83954,5.10291,7.85504,6.44611,5.54207
46.29329,59.95652,56.84414,56.06355,113.51759,95.79941,62.10257,95.38479,58.21443,48.85981,47.52605,50.09297,42.71535,44.43058,59.10180,51.70596,50.10345,35.65243,41.11282,40.33086,38.79341,40.12648,42.98349,44.25674,39.19910,41.90502,31.13675,33.55951,33.72499,32.42162,25.41083,30.36850,24.55356,26.77888,24.68224,28.30964,23.59694,24.97152,14.12017,18.49044,19.83959,17.95664,13.94438,17.88486,13.54370,11.40795
20.74609,22.92040,21.83349,23.49406,38.82687,39.21284,30.04813,40.95692,32.94172,29.94073,29.28156,30.79398,29.09885,32.35716,36.58221,33.11702,31.34291,23.26686,19.17916,16.43861,15.73010,21.18850,21.71757,21.14026,14.37947,18.11775,15.52760,14.44948,14.69579,14.95413,12.91365,11.36151,11.46193,12.03459,11.48296,9.89834,10.45888,6.75083,5.40781,8.50094,7.46071,9.05187,6.41191,8.07480,7.21435,5.76428
6.97738,7.69372,10.09542,9.71278,12.71531,15.86798,15.89480,18.41097,17.90486,19.29831,22.27192,20.90843,20.48678,24.24457,24.60103,22.69390,19.75364,14.01614,10.98172,9.13777,8.82890,13.59101,14.01167,13.47844,7.68279,10.66155,10.12156,8.30915,8.14743,8.73848,7.41281,4.09373,6.25067,5.99078,5.90587,4.89291,5.82737,3.36970,2.50855,4.77002,3.89174,5.82063,3.19556,4.08586,3.77475,3.77786
4.68669,5.24179,5.92553,7.55906,9.47714,10.83026,11.71438,13.14953,16.69585,16.84281,18.45436,18.90874,17.83354,19.30185,19.47632,18.83783,17.07156,14.57690,14.21782,13.41261,14.62028,16.69323,17.32769,18.58997,17.62242,17.15703,15.50756,15.41072,15.09927,15.66711,13.51941,12.94162,12.06166,12.88979,13.02415,12.20047,12.31106,9.89878,6.46319,7.79369,9.14591,10.13589,6.16406,8.85904,7.62056,6.38288
11.61880,11.94251,13.18991,16.00829,21.08533,23.14907,27.11794,29.68804,40.88113,44.76793,52.14360,51.08618,48.68435,51.92505,53.11359,46.26154,44.14772,30.92456,28.28518,25.44392,23.80748,30.85226,32.55558,31.67250,24.05492,28.54247,23.19016,21.01394,21.76993,21.71126,16.63068,13.50729,14.84878,15.55038,14.48165,14.99849,14.08554,10.74679,7.49604,11.81121,10.57732,12.36375,6.70246,10.20219,8.05684,6.83208
50.18663,65.46499,75.19566,79.63702,143.24425,127.41412,103.24434,138.66133,94.49878,77.78695,70.47554,73.08863,63.55331,65.31588,82.59781,69.14547,65.97328,38.89796,39.90648,38.44342,41.01825,47.19946,50.55894,53.86796,53.36822,51.75965,37.85001,46.79206,43.91263,41.86160,30.17431,28.69670,27.08736,28.74772,24.09518,19.74992,22.14580,17.72518,12.42953,20.49751,17.87819,17.30780,19.24113,19.19210,16.14628,13.98025
19.53452,19.33907,19.84576,21.18937,33.63630,34.73242,26.03916,35.33493,26.69035,23.30309,20.38083,22.12430,20.11782,20.21315,24.55464,22.34878,20.34473,14.58942,14.41407,13.06451,13.37549,16.60850,17.24727,17.47509,14.24912,15.80900,14.56748,13.77762,14.04116,14.29590,12.24326,8.70674,9.80237,9.50999,7.90250,5.24946,8.20455,7.10976,4.86595,9.52036,8.00461,7.48695,8.32870,7.73623,6.63663,5.26414
16.23085,19.18898,19.99508,21.28054,36.19611,35.79750,24.75242,35.26407,25.60700,22.33886,19.03696,21.62221,19.53659,19.80306,24.13519,21.36149,19.98650,14.01420,13.17711,13.97798,14.47564,17.29886,18.71438,18.80279,17.43509,18.77985,16.22609,16.62716,15.44931,15.67830,13.09333,9.64517,11.24983,11.54409,11.13232,12.08221,11.23110,13.94710,7.01836,11.60555,11.37443,11.17120,6.32914,9.04272,6.40167,4.90784
18.37453,22.13289,21.82178,21.90759,39.01103,39.62615,32.10092,42.47374,33.57897,30.28776,28.09688,30.01935,27.93407,28.29108,33.80425,29.81723,26.95492,16.79755,15.60068,13.80543,14.66673,19.27699,19.66071,19.91235,19.20084,17.80579,16.18178,17.82299,17.14869,17.70788,16.16861,19.60929,14.47731,16.01359,15.93739,17.36983,15.68791,8.14953,7.42782,5.50096,8.48360,9.93973,2.37174,5.80243,4.21398,3.69292
12.74757,15.99616,15.70479,17.68842,31.08103,32.08095,22.86751,31.71102,20.87158,17.82866,13.83457,16.43644,14.85108,16.29464,20.20116,18.97126,19.66227,13.12989,12.19295,11.81859,11.73796,16.27597,16.90383,16.35238,16.50851,15.40691,14.97455,17.23181,15.97171,17.11292,15.03331,14.82025,14.05181,14.72721,14.06100,11.71166,12.92736,7.47407,6.82478,6.42019,7.89994,9.26367,4.44546,7.19764,5.57850,5.57977
11.52467,12.48351,19.40842,20.17864,20.35755,25.04037,27.12072,29.72415,26.02181,23.87638,24.54873,25.71980,25.10340,29.44436,31.20005,29.32930,26.72283,21.25818,16.66202,13.73456,14.20000,19.14192,20.06664,19.57452,17.14775,19.10006,17.21789,20.27470,18.02608,18.93626,17.43677,23.24888,16.94188,18.48545,18.70676,22.65967,18.19329,19.78748,11.00011,18.03408,16.49638,16.16024,13.10925,16.43886,12.76320,10.40770
5.19776,5.72638,8.38080,9.83534,8.67423,12.12089,12.30906,13.21780,12.19096,10.52136,8.80131,10.65347,10.12137,10.51695,11.05758,10.64467,9.66941,7.59960,6.87190,7.06400,6.80947,8.52026,8.42467,8.17719,5.10537,6.80070,7.12068,4.84620,5.25694,5.92647,6.07375,4.68486,4.91026,4.72834,5.02137,4.61777,5.26788,2.39312,2.51808,3.42745,3.36511,4.54491,1.18371,2.73092,2.59883,1.65424
9.34966,9.61499,12.73819,15.67112,18.47197,21.57459,22.37955,24.86728,23.98823,21.29969,19.93799,21.76296,19.91464,20.59193,23.29487,21.29483,19.81100,14.89374,14.15619,12.96522,13.17949,15.98255,16.28054,16.83291,10.79552,13.52577,12.26723,9.81631,10.48526,11.05309,9.67682,7.91007,8.47565,8.71550,8.84461,8.70894,8.91016,8.11867,4.93256,8.26075,7.61295,8.47293,5.05331,7.29186,6.18152,4.87255
21.27538,23.32348,23.39318,22.43446,38.11861,39.52183,29.93050,40.90489,31.82254,29.78288,33.51163,33.55255,34.11325,41.05075,43.69024,39.85143,38.37805,33.76732,30.78672,29.58555,29.64975,33.07494,35.52261,36.86935,33.81565,35.09827,27.62794,32.95510,31.98378,31.22108,24.56453,27.45118,23.28392,25.66034,23.88448,21.69044,21.86990,19.40606,11.78108,16.88437,17.16664,17.30287,14.61904,17.56785,13.70712,11.29286
13.43736,13.50500,15.20119,14.85279,19.48382,22.50718,17.57242,22.98035,19.20002,18.59008,20.20995,19.61307,20.49069,23.30023,23.93887,22.14495,19.63976,14.70694,12.91269,10.94846,11.16851,14.75787,15.14427,15.49181,10.27972,13.31997,11.95461,9.89991,10.05629,10.58354,9.67288,8.05515,8.21593,8.27402,8.41274,8.65166,8.64613,7.69071,5.03891,6.37201,7.54993,8.20820,6.27502,7.50173,7.01363,6.25287
7.60227,9.08372,13.59450,14.97147,13.32947,17.35519,22.75023,23.18712,26.84051,28.20602,30.88840,31.03453,28.84096,35.06498,35.64466,34.42702,32.67294,29.45794,22.63255,18.51852,17.24789,22.55103,23.27470,21.88997,13.96374,19.02327,16.38776,15.83841,16.18789,16.25117,13.57790,12.79712,13.34318,14.03690,14.13529,13.21880,13.12328,9.20701,6.08908,10.83959,9.00689,12.11422,6.44107,9.64912,7.71446,6.29406
0.83537,1.20767,1.21388,1.33669,2.24023,3.47294,1.94314,2.93592,1.53640,1.03921,0.47441,0.64481,0.57094,0.50589,0.67380,0.84784,0.82622,0.43268,0.25538,0.33868,0.54967,1.01237,0.74564,0.65619,0.51831,0.68431,1.18567,0.76844,0.61275,0.72602,1.31104,0.55028,0.79573,0.65905,0.85578,0.28911,0.94487,0.07413,0.35710,0.24437,0.53105,0.90186,0.26935,0.45414,0.72995,0.61149
12.63496,14.94040,11.71291,11.68463,25.38513,25.05303,16.39421,24.39848,19.36362,18.19977,16.93883,17.61383,16.80363,17.45076,19.51832,17.70830,16.13835,12.40435,11.95534,10.55671,9.80688,12.96278,13.13281,13.38633,8.60764,10.52353,10.21648,6.80321,7.45458,7.69992,6.58629,2.93564,4.77653,4.37964,3.72158,2.15232,3.73405,1.78960,1.75708,2.66391,2.46710,3.05090,2.30405,2.61552,3.02314,2.25836
36.06180,44.11715,40.66404,41.34705,85.45135,77.03677,42.09648,67.02818,40.41728,34.01554,33.60563,35.23284,33.96074,36.33018,43.45092,37.89397,34.22578,21.36490,17.84995,14.64814,14.19330,20.39934,20.32158,19.77347,10.52870,14.99325,13.07670,9.20081,10.53285,11.19408,9.58479,7.01025,8.22176,8.36718,8.35438,7.25461,7.86949,5.16529,3.89158,5.17936,5.37795,6.69492,3.32307,5.17695,4.62472,3.52181
16.69248,18.17122,15.51212,15.76238,30.30948,30.06536,19.57358,29.25021,22.81481,21.55240,22.45737,22.76954,22.27237,22.62401,25.57554,22.58546,20.28713,12.23083,9.62500,9.88415,10.25531,13.86496,14.12187,13.78977,10.56112,12.34632,11.09736,9.09350,9.50039,10.09828,9.17475,6.75218,7.51752,7.65313,7.57611,6.69940,7.53165,4.86600,3.98900,4.72161,5.45000,6.23128,3.19193,4.73787,4.15667,3.36974
34.59097,42.72965,42.37642,44.63739,89.38634,80.24110,55.68085,79.35456,54.13297,45.20495,39.48859,42.61789,37.67755,36.42904,47.27150,38.38101,36.05008,21.10554,19.07916,19.65190,18.62279,25.01010,26.23041,26.43816,16.61799,22.25566,18.46158,13.98794,15.53776,15.93059,11.87916,6.01885,9.34371,9.00691,8.03657,6.41824,7.97064,5.46178,3.94456,5.65886,5.82590,7.05084,4.26107,5.45756,4.72075,4.55484
27.88309,35.21471,29.70454,29.91839,62.94134,57.59239,38.04967,56.99023,39.37304,34.49036,31.81383,33.69406,30.59113,31.50698,39.15411,34.43946,31.91078,20.90266,18.76143,16.67603,16.21532,21.98740,22.47098,22.00887,12.22931,17.06126,14.94541,10.16625,12.03141,12.98756,10.49965,7.62120,9.14465,9.55926,9.88389,9.33728,9.50093,9.86415,5.35121,10.73583,8.75946,10.01364,9.80403,10.13430,8.84286,7.81466
31.63504,38.68596,32.39447,36.49970,77.37190,68.50226,41.60680,63.25490,47.49851,42.69468,41.28465,41.85359,40.12948,42.12429,49.56995,41.66475,38.63944,23.23412,22.21006,20.65945,20.76546,26.57902,27.08906,27.79206,18.82308,23.37817,19.27133,15.87431,17.37402,17.89052,14.03051,10.73120,12.33479,12.60419,12.24335,10.09172,11.25229,9.42147,5.62671,6.53197,8.18716,8.59484,4.71857,6.96259,5.28767,4.23738
27.95091,33.31784,28.63181,28.84316,64.07404,56.93896,30.71507,50.15491,31.23139,27.17387,25.84045,28.15053,27.30760,29.87078,35.77730,32.03219,30.82163,24.61667,24.23380,22.13404,19.77918,23.95561,23.87107,23.64133,13.14756,18.22760,15.23470,10.02638,12.23048,12.85989,10.63238,7.57921,8.88776,9.09872,9.02644,8.97050,9.04285,8.26727,5.07080,6.42509,7.55413,8.43122,5.19660,6.78042,5.36118,4.62844
20.89868,24.33116,18.34949,19.44116,43.64415,39.13267,23.76593,37.09887,27.31198,24.37975,22.84177,25.49951,23.88641,26.09134,30.19887,27.70066,26.71420,22.24392,18.49771,16.21720,15.37025,19.56413,20.02887,19.27761,11.39041,15.24206,13.78784,10.85548,12.04565,12.96745,11.39910,8.76817,9.33187,9.03912,7.50902,4.38031,7.15377,2.61206,3.51742,2.51727,4.03673,4.20029,2.26145,3.20242,2.79444,1.99558
22.99340,28.36785,26.05590,27.12917,56.29965,52.09692,29.45562,46.08703,27.89540,23.46835,22.04015,24.21807,22.98285,24.88718,30.18878,27.47577,25.54004,18.25697,16.01337,13.79530,12.94655,17.90683,18.31709,17.23791,11.43057,14.67791,13.27656,11.70582,11.75895,12.27849,10.99578,9.02209,9.52713,9.65294,9.14805,7.29540,8.70383,5.20986,4.36635,5.81491,6.07885,7.11773,5.36929,6.52618,6.07729,4.78340
14.19754,15.68405,12.07252,12.89032,26.06715,25.26731,18.19503,26.25244,25.62216,26.52397,26.69474,27.77781,27.42600,28.23276,30.29383,27.27990,25.83634,19.37029,16.79533,14.51588,14.07034,18.05519,17.82015,16.73394,9.35643,13.00615,11.94976,7.96495,9.18162,9.93832,8.66771,5.12025,6.61490,6.11968,5.10023,2.96605,5.27703,2.89123,2.83126,4.20894,3.91345,3.96938,2.26677,3.35725,3.22963,1.91220
17.10033,20.34679,18.45071,18.52087,38.44521,37.60887,22.72313,34.47298,22.34478,19.42233,18.18596,19.90778,19.35044,21.03449,24.43973,23.06736,21.40442,17.83726,16.14177,14.13438,13.18875,16.97875,17.54134,17.33491,12.03073,15.04092,13.34963,11.02957,11.08730,11.33588,9.34790,5.29261,7.56675,7.22790,6.48756,4.18222,6.10508,3.70681,2.93264,3.64278,4.27064,4.97499,3.51589,4.22992,3.76238,2.93824
15.75772,19.20650,15.65374,17.37411,35.95249,33.84302,23.50543,33.77860,27.42027,25.01001,22.35749,23.83072,21.90243,21.79729,25.99490,22.76636,21.20925,12.76634,10.94029,9.90399,9.65690,13.79895,13.82818,13.25147,10.02164,11.72834,10.82065,9.30239,9.00953,9.43654,8.42597,5.11312,6.54934,6.44244,6.09611,5.43169,6.20943,4.61849,3.34357,4.50282,4.87956,5.50935,2.99224,4.10892,3.55713,2.94445
14.09205,13.61866,13.75305,17.19739,25.42743,28.02777,18.33194,25.53838,18.08039,14.43455,11.47672,13.38003,12.55146,13.66356,15.41985,15.10110,13.78871,10.28292,8.33080,6.02217,6.41822,9.19527,8.86089,8.23794,6.41626,7.03120,7.46136,7.03542,6.03131,6.46557,6.14206,3.36220,4.74254,4.44564,4.25876,2.96672,4.36998,2.16525,1.89037,2.27825,2.62272,3.36109,1.15800,2.08593,1.86339,1.52289
10.99165,10.95237,14.33557,14.80629,22.77156,25.16781,17.75219,23.80362,16.29650,14.25834,12.66606,14.90534,14.70156,16.36934,17.51249,16.67508,15.37714,12.61971,11.46611,10.21464,10.74432,13.01010,12.99057,13.47584,9.74927,11.40572,10.70694,7.96536,8.34317,8.86819,7.66672,3.90926,5.70489,5.51675,5.29617,4.63176,5.37796,4.22840,2.85761,3.96975,4.26819,4.78034,2.09465,3.35551,2.93421,2.26280
28.63287,36.47123,31.32374,33.01450,74.05013,66.22755,42.12867,63.32992,42.60508,35.96860,32.27493,35.26230,31.69875,32.11208,40.43661,35.02916,32.51110,18.91194,14.99595,13.57033,13.25148,19.26078,19.32103,17.53749,10.34562,13.99649,12.82382,9.95826,10.86109,11.62085,9.75564,6.58642,8.21672,8.06721,7.62643,5.21520,7.26322,3.89255,3.28437,3.50102,4.47910,5.46311,2.77283,4.01183,3.48442,3.01876
21.92554,27.44967,23.83962,23.72290,53.11750,48.53370,32.81770,47.73845,37.05957,34.10114,31.80608,33.23368,30.85065,30.58452,35.86803,29.21618,26.71181,14.18015,12.29894,10.88449,11.88869,16.64756,16.61537,16.07370,11.08858,12.76097,12.07888,7.57772,8.81737,9.57059,8.26503,4.68124,6.01864,6.01252,6.11031,5.97961,6.08048,4.99321,3.30603,4.01885,4.84134,5.56814,3.37971,4.52929,4.15748,3.40184
14.59112,18.00829,16.07964,17.87154,34.83556,34.00726,25.24788,34.85614,27.48611,24.60026,23.20688,24.74991,23.35727,25.58506,29.12255,26.21467,23.50978,17.12079,15.21055,11.88103,10.91691,15.42107,15.00603,15.18522,7.47019,10.71490,10.11560,7.31080,8.09237,8.48183,7.86821,5.65203,6.31580,6.28803,6.23944,4.84739,6.08771,3.09689,2.70802,4.61433,3.99805,5.42129,3.01582,4.29710,4.29871,3.16679
16.80015,18.01792,14.93222,15.07703,29.37857,29.05579,16.82998,26.34986,15.94530,12.88451,10.45923,12.25469,10.74186,10.13359,12.80778,12.35789,11.11004,7.71901,6.84514,6.90396,6.70322,8.86975,8.86997,8.27311,5.34300,6.46753,7.01404,3.45468,4.14217,4.67289,4.24505,1.87919,3.20193,3.05028,3.46078,4.26695,3.59354,2.90849,1.82117,2.98143,2.67584,3.89863,1.61598,2.38690,2.31140,2.16465
17.92281,19.77291,18.11872,17.72385,31.78170,32.33126,23.87993,33.54041,24.33447,21.24347,18.94853,21.28527,18.86162,19.85319,23.48618,21.90458,21.47135,20.32631,19.92350,18.31542,18.59328,19.78605,19.63129,20.17440,10.37549,13.89641,13.06810,7.85144,9.90695,10.81192,8.77832,4.82937,6.77596,6.32953,5.41302,2.79124,5.19202,2.20567,2.41815,2.62297,3.23876,3.82265,2.87717,3.09219,3.10903,2.73109
13.74901,15.86366,16.17110,18.05716,28.81998,31.06992,26.06150,33.37214,27.39181,24.10067,21.42446,24.15534,23.41391,26.12151,29.11396,27.20625,25.52829,20.94259,18.58287,16.69588,17.00910,20.90904,21.80075,22.39707,16.85767,19.51576,17.07482,15.69268,15.86421,16.68345,14.28428,13.93845,12.74378,13.02752,12.09606,9.38800,11.63077,7.30872,5.98183,4.89182,7.62565,7.47256,5.23242,6.66245,5.95907,5.09713
18.24728,19.72556,17.02712,16.92090,33.03572,31.24530,18.55078,28.75936,21.45164,19.41582,19.81626,20.72874,20.59534,23.95392,26.24678,24.86515,23.28137,19.01056,15.40652,13.62991,13.83646,18.04970,18.94539,18.41174,17.35810,17.68254,16.00447,19.49305,16.97948,17.19804,15.41995,15.35741,13.83978,14.82123,14.43837,15.55258,14.19998,13.65539,8.07569,16.61826,12.89847,14.81283,11.14038,13.91765,11.45434,9.73538
36.24917,43.00358,43.06375,43.89797,88.94736,79.13550,54.82379,77.79337,55.78839,51.00154,57.56443,56.08522,54.78741,63.38844,71.62418,61.51229,57.82553,37.56514,34.28177,28.66366,26.66986,35.03142,35.44161,36.00460,24.77658,29.31599,23.93578,22.42179,24.77951,25.16551,20.75099,25.56940,19.78844,22.08758,21.43479,25.76928,20.66366,17.45183,11.20189,16.10372,15.55996,17.58480,10.12123,14.69008,10.18160,8.34536
22.29981,28.01155,26.87884,29.08765,51.60793,49.88473,40.63222,55.27351,43.06536,37.74318,30.16173,32.81830,28.98793,30.29774,37.20061,33.05357,31.01316,22.46380,23.09899,21.46741,21.04472,24.78316,25.68586,27.13465,22.36926,24.61925,20.80315,20.55925,21.13292,21.61113,19.03170,27.43221,18.78124,20.61633,20.45348,24.57343,19.60016,12.06396,10.60756,10.46066,12.48682,13.30613,11.80806,13.27050,11.86893,10.56074
12.31723,11.82912,13.61817,15.46847,20.24496,23.49360,18.63299,23.86168,20.95213,20.24999,21.35489,20.77667,21.01946,22.67898,25.23344,21.45220,21.28481,18.23347,20.25388,20.91491,22.82608,20.60110,21.57956,21.93500,14.49545,18.93432,16.46836,11.95741,13.83355,14.48813,11.70438,8.16822,9.94470,10.02253,9.75022,8.46726,9.22743,7.68243,4.70992,4.90538,6.52661,7.49951,3.60753,5.60865,4.59393,3.93572
11.95889,11.67263,14.00637,15.24303,21.67121,24.21957,20.41572,25.19911,20.82319,18.87216,18.03189,18.42288,17.74935,19.62943,22.57968,21.24516,19.55387,15.27554,13.68253,11.56627,11.62067,15.15461,15.56415,15.28838,11.67579,13.53597,12.73294,10.87732,10.73248,11.25598,9.85411,7.73769,8.63943,8.82485,9.21463,10.32633,8.93636,8.29728,5.04364,6.84469,7.21649,8.11312,3.81216,6.65091,5.64950,3.69932
52.21059,60.22738,60.52226,64.64643,107.86710,99.46720,75.81821,104.47042,79.53308,71.24883,76.52236,73.94109,71.20705,77.43800,90.12188,73.07040,70.90771,42.16488,40.91573,36.53233,36.19456,44.58731,47.01699,47.26596,38.47725,43.00795,32.12979,38.66245,38.93858,37.74832,31.30644,48.94072,31.16780,35.39052,31.95582,36.22525,30.95501,26.43633,17.78090,23.47644,23.90033,22.13675,18.37658,22.68317,16.56184,13.66043
15.03058,17.24827,20.32099,23.33125,33.88234,35.83755,32.34011,39.29602,34.65032,31.55618,31.83167,33.17103,33.11333,40.49039,42.94029,40.78799,39.62876,39.63453,35.77914,32.25393,30.08327,33.10173,34.17212,35.25838,24.86936,30.08808,24.45078,21.70354,24.05614,23.82107,17.93464,15.79709,16.75339,17.50856,16.01882,12.32883,14.79938,10.89132,7.50091,10.89904,10.61649,11.41364,6.87379,10.25156,7.65464,5.31680
38.54182,50.26898,53.62242,57.32590,104.56593,94.96709,76.22145,102.22980,76.74273,66.80068,72.03448,71.41891,67.29714,76.50092,88.50340,73.85516,74.02537,52.33986,52.85985,50.12300,50.14706,53.95693,58.48172,60.66174,52.90356,55.88729,40.49346,46.19382,46.33941,44.33718,31.75466,33.82801,30.04748,32.92196,28.93262,28.91419,26.86281,22.08558,14.31189,17.89734,19.62275,19.48220,11.69694,17.69705,13.01160,11.17885
42.40240,51.93478,56.55851,55.38121,101.64164,91.75522,72.07635,98.45476,72.49998,63.62516,63.51165,64.77349,59.56801,65.63991,78.74745,66.33952,66.08195,46.34631,44.21761,41.60144,38.48577,45.32337,47.55892,47.73394,34.27423,40.96798,30.89511,31.20671,33.37356,32.47409,24.45894,25.40587,23.12454,25.39487,24.27385,27.40748,22.47829,26.24516,13.07539,25.98548,20.63923,21.33054,17.06464,21.84204,16.69368,13.21140
43.37643,51.82288,57.51731,55.97245,96.33428,90.60004,74.08922,98.86863,75.07153,67.99612,74.19173,74.02422,71.84024,86.58598,98.83235,84.20969,88.70989,84.53560,83.67912,86.63055,87.88593,78.80767,88.05316,96.45874,96.69446,92.42290,61.58366,82.13255,78.92668,72.89420,48.60073,54.45676,46.36390,52.01289,44.20232,47.71678,39.61665,42.80819,22.88858,41.79201,34.45517,31.57515,35.05499,36.74295,26.39932,21.78753
39.90716,43.23156,44.66064,50.08366,76.66936,75.58439,69.88831,87.81538,79.43706,75.29472,86.59763,80.22829,77.86709,89.68383,100.10075,83.71231,83.32602,58.92726,59.72852,56.48753,54.83207,59.60300,64.48090,68.04499,59.91808,62.44429,43.63291,55.56362,52.84283,49.48285,34.79559,37.49675,33.33744,36.68576,31.39306,30.11783,29.08275,30.67205,16.80151,30.77830,25.84403,23.68794,25.33771,26.56114,20.04465,16.65914
19.87862,23.14817,16.90899,15.55668,36.37095,33.75771,22.72652,35.12310,28.56836,29.63209,30.92707,28.34332,25.29344,26.56341,32.83141,27.97206,26.35321,15.88091,15.62159,16.93452,16.19036,20.39155,21.91273,20.82054,24.46099,22.26799,19.06933,22.70864,20.08080,20.03502,17.01780,16.23846,14.92282,15.87464,15.15186,14.01462,14.21271,9.34233,7.32828,9.03766,9.77230,11.51690,7.87240,10.17119,8.91427,8.01803
15.87891,15.42988,21.70658,22.92149,28.20657,32.71061,31.87120,36.30080,29.76291,25.75713,23.28384,25.35884,23.30778,23.54510,28.44845,26.41759,24.89728,19.42389,18.92015,19.56315,19.83192,21.72490,23.01809,24.03586,21.57671,22.60728,19.07138,18.22119,18.77258,18.67445,15.05722,12.70511,13.39041,13.93683,12.54168,9.59902,11.99720,8.07876,6.20088,6.54336,8.37213,9.08753,7.61838,8.25454,7.21697,7.27257
18.14437,18.48978,21.49827,23.56504,31.34140,35.78679,30.35925,38.34574,30.42976,27.94875,31.36230,32.09155,33.29445,42.77027,43.54035,41.25049,40.95309,45.61114,45.25171,42.62037,41.69170,39.40317,42.47829,44.88467,37.82275,41.61690,31.62492,35.82753,35.18234,34.34615,25.97829,30.43897,26.02018,28.87003,27.52284,31.02847,25.38922,32.54808,15.22650,30.99559,24.30768,23.21958,24.69078,26.17240,18.92969,14.85656
22.32631,25.08238,23.83415,25.98332,43.07523,42.75720,39.53023,49.04095,49.17945,46.42255,43.70709,43.28839,38.88965,37.51424,45.42052,37.88248,35.68592,19.64435,18.11741,18.49640,17.84109,23.69586,24.72110,24.03469,19.11666,21.85893,18.34185,14.65585,15.30168,15.52933,11.88959,7.75062,10.33853,10.44802,10.10676,9.77192,9.87376,9.69920,5.63998,8.33595,8.72627,9.57489,10.48112,9.74591,9.12328,8.53464
15.24337,16.99962,14.21166,15.22840,27.76843,28.39255,22.64628,30.00457,28.07508,27.47282,27.84659,27.97194,27.59248,30.49943,32.40905,29.58554,27.52748,21.00670,20.37255,19.05035,18.52565,22.32800,23.22499,23.55771,18.02694,21.18000,18.16303,18.17339,18.87949,19.31522,17.56863,24.32261,17.12245,19.05340,19.36449,25.48495,18.90714,19.52349,11.34440,19.81978,16.71624,17.41619,12.96883,17.31510,13.67064,10.57241
19.06376,21.18940,27.82121,30.81922,43.04172,46.13907,43.13323,50.26060,40.11482,33.57122,29.26478,31.84897,29.51724,30.74668,37.17046,31.96855,30.76084,21.64022,21.86457,20.77287,21.73612,25.09048,25.95232,27.24178,17.78082,21.43082,18.48253,14.10180,16.10699,17.14199,13.09748,10.02233,11.83692,12.68345,13.63114,13.98244,12.29030,12.59878,6.35682,8.21162,9.36839,11.23105,5.98897,9.03707,7.31946,6.69766
23.46577,25.01353,25.08771,27.85523,44.37658,45.62551,39.01032,50.11193,47.20002,46.91468,50.42398,51.64894,52.01981,56.14679,60.24265,50.83817,50.39410,36.27739,36.24668,35.27682,33.30458,38.29908,39.95137,41.24098,29.82797,35.03773,27.36118,26.27749,28.04642,28.26953,21.61340,21.72887,19.62334,20.64924,18.09317,13.76340,17.51726,12.00680,9.65710,15.99093,13.80094,13.92875,17.16504,15.98186,14.14717,12.74343
7.87405,8.36341,7.85275,8.27709,12.18666,14.24273,10.22270,13.73779,12.63293,12.20841,12.22420,13.62380,13.76366,14.79161,14.78388,14.43558,14.03521,14.47040,14.35465,14.34305,16.40318,15.93137,17.00792,17.52317,19.01554,17.25260,15.95211,15.91125,14.72272,15.19104,12.83599,9.30186,10.48801,10.69558,10.12716,8.65490,9.78884,7.98305,5.13666,5.50822,7.12463,7.52984,3.76559,5.71463,4.87014,4.32558
27.74287,34.24416,36.39954,38.68579,67.00937,63.85302,47.23071,64.24135,47.31318,41.19592,39.11908,41.52973,39.99338,44.33219,52.51207,45.62107,45.23996,35.94800,36.36374,36.14013,35.18221,37.51653,39.76819,41.41251,39.53872,40.22657,30.68843,39.93493,36.42475,34.85469,26.60975,28.99146,25.41556,27.67367,24.48527,21.20708,22.55301,18.84463,11.98301,18.39981,17.50467,17.62684,14.15508,17.82958,13.75175,11.21589
15.75068,17.32899,18.39416,19.76312,28.54382,31.73364,28.26232,35.19685,29.53316,27.00356,26.69526,27.02043,26.34330,28.95157,33.18191,30.43203,28.67778,22.41316,20.63925,21.04139,20.23499,24.52787,26.83710,28.82048,33.83999,29.94262,24.12426,32.32574,27.55432,26.15007,21.29853,22.57971,20.30100,21.91944,19.91223,18.22441,18.80067,13.65043,10.17919,12.06239,13.57101,14.17045,8.56341,12.41438,9.68662,7.95814
42.36795,53.95882,51.44425,51.57427,108.56802,95.20406,65.74718,95.96410,67.25830,59.32374,62.18465,61.81189,58.62598,68.41131,79.14972,67.82322,66.73238,50.69578,54.85012,53.42150,53.47847,53.02703,56.03608,59.88985,48.59658,52.00572,37.76910,37.18750,41.41175,40.23897,28.23494,26.69746,25.38982,27.35414,23.01989,17.27899,21.28057,16.14313,11.33239,15.69135,15.99573,15.29966,10.37761,14.60183,11.19318,8.62637
19.85186,23.05635,24.76512,25.12084,43.36932,43.67279,33.05050,44.75422,34.07855,32.20672,32.44988,33.58578,33.07603,36.78091,40.85530,35.74131,34.10151,23.83806,21.69166,20.34702,19.69957,25.54874,27.42647,27.67171,24.19941,26.89998,21.53809,24.81063,22.78859,22.46295,19.02585,21.47659,17.90896,19.41999,18.13429,17.34629,17.23455,12.14514,9.36903,9.28323,12.07244,12.20429,7.14971,10.70224,8.69561,7.19563
18.54966,20.95632,19.37908,22.37836,39.79779,38.81777,26.80589,37.99787,30.77054,28.34647,31.69545,32.81486,32.54434,39.96846,40.48240,37.26865,35.17633,28.94440,25.38023,22.55755,22.72375,27.93582,29.81045,30.74327,25.45100,27.54390,22.88934,22.45267,22.66137,22.84539,17.87878,15.47330,16.00880,16.87582,15.61898,13.72007,14.43086,11.14055,7.60252,8.36493,10.24706,10.67985,4.89550,8.32513,6.66293,5.50205
19.83139,24.16589,26.81391,29.34002,46.34184,46.46070,38.74934,49.64260,37.79110,31.45215,26.92096,31.45738,28.35155,31.17860,37.15190,34.40801,33.61113,29.14045,27.23693,26.57735,26.85341,28.89723,30.54173,31.03110,26.40891,29.58183,23.30261,23.06898,22.27922,22.39265,17.23948,13.23480,14.58456,14.75790,13.52856,11.53696,12.96803,9.82239,7.10443,8.92532,10.04546,10.74016,8.57978,10.05800,8.61873,7.48954
